ID_Pedido,Data_Pedido,Nome_Produto,Categoria,Preco_Unitario,Quantidade,ID_Cliente,Cidade,Estado
1000,2026-01-01 06:00:00,SSD 1TB,Hardware,600.0,2,148,São Paulo,SP
1001,2026-01-01 10:00:00,Monitor Ultrawide,Eletrônicos,2800.0,6,142,Fortaleza,CE
1002,2026-01-01 20:00:00,Cadeira Gamer,Móveis,1200.0,6,128,São Paulo,SP
1003,2026-01-01 17:00:00,Laptop Gamer,Eletrônicos,7500.0,2,141,Salvador,BA
1004,2026-01-01 20:00:00,Headset 7.1,Acessórios,800.0,2,145,São Paulo,SP
1005,2026-01-02 15:00:00,Headset 7.1,Acessórios,800.0,3,144,Fortaleza,CE
1006,2026-01-02 08:00:00,Monitor Ultrawide,Eletrônicos,2800.0,4,134,Rio de Janeiro,RJ
1007,2026-01-02 13:00:00,Cadeira Gamer,Móveis,1200.0,6,138,Salvador,BA
1008,2026-01-02 00:00:00,Cadeira Gamer,Móveis,1200.0,6,114,Rio de Janeiro,RJ
1009,2026-01-02 05:00:00,Teclado Mecânico,Acessórios,549.74,2,107,Belo Horizonte,MG
1010,2026-01-03 17:00:00,Monitor Ultrawide,Eletrônicos,2800.0,1,134,Belo Horizonte,MG
1011,2026-01-03 21:00:00,Teclado Mecânico,Acessórios,506.23,5,114,Belo Horizonte,MG
1012,2026-01-03 13:00:00,Placa de Vídeo,Hardware,4500.0,3,146,Rio de Janeiro,RJ
1013,2026-01-03 19:00:00,Cadeira Gamer,Móveis,1200.0,4,134,Salvador,BA
1014,2026-01-03 06:00:00,SSD 1TB,Hardware,600.0,5,125,Curitiba,PR
1015,2026-01-04 05:00:00,Monitor Ultrawide,Eletrônicos,2800.0,6,129,São Paulo,SP
1016,2026-01-04 13:00:00,Teclado Mecânico,Acessórios,516.59,2,132,São Paulo,SP
1017,2026-01-04 05:00:00,Mouse Vertical,Acessórios,230.48,2,127,Curitiba,PR
1018,2026-01-04 12:00:00,Teclado Mecânico,Acessórios,535.31,6,116,Rio de Janeiro,RJ
1019,2026-01-04 04:00:00,Placa de Vídeo,Hardware,4500.0,3,130,Salvador,BA
1020,2026-01-05 20:00:00,Laptop Gamer,Eletrônicos,7500.0,4,109,Fortaleza,CE
1021,2026-01-05 13:00:00,SSD 1TB,Hardware,600.0,5,117,São Paulo,SP
1022,2026-01-05 21:00:00,Teclado Mecânico,Acessórios,519.48,5,113,Salvador,BA
1023,2026-01-05 16:00:00,Teclado Mecânico,Acessórios,533.54,2,128,São Paulo,SP
1024,2026-01-05 10:00:00,Mouse Vertical,Acessórios,225.18,2,120,Porto Alegre,RS
1025,2026-01-06 20:00:00,Laptop Gamer,Eletrônicos,7500.0,6,113,Salvador,BA
1026,2026-01-06 22:00:00,Monitor Ultrawide,Eletrônicos,2800.0,5,122,Porto Alegre,RS
1027,2026-01-06 19:00:00,Headset 7.1,Acessórios,800.0,4,141,Fortaleza,CE
1028,2026-01-06 03:00:00,Headset 7.1,Acessórios,800.0,3,125,Curitiba,PR
1029,2026-01-06 00:00:00,Monitor Ultrawide,Eletrônicos,2800.0,1,108,Porto Alegre,RS
1030,2026-01-07 00:00:00,Cadeira Gamer,Móveis,1200.0,4,117,Belo Horizonte,MG
1031,2026-01-07 11:00:00,Laptop Gamer,Eletrônicos,7500.0,6,111,São Paulo,SP
1032,2026-01-07 04:00:00,Cadeira Gamer,Móveis,1200.0,7,143,Belo Horizonte,MG
1033,2026-01-07 20:00:00,Placa de Vídeo,Hardware,4500.0,4,147,Porto Alegre,RS
1034,2026-01-07 13:00:00,Teclado Mecânico,Acessórios,504.36,5,142,Curitiba,PR
1035,2026-01-08 00:00:00,Cadeira Gamer,Móveis,1200.0,1,137,Rio de Janeiro,RJ
1036,2026-01-08 22:00:00,Mouse Vertical,Acessórios,238.35,4,120,Porto Alegre,RS
1037,2026-01-08 12:00:00,Mouse Vertical,Acessórios,236.85,7,137,São Paulo,SP
1038,2026-01-08 17:00:00,Monitor Ultrawide,Eletrônicos,2800.0,5,130,Rio de Janeiro,RJ
1039,2026-01-08 21:00:00,SSD 1TB,Hardware,600.0,6,119,Salvador,BA
1040,2026-01-09 20:00:00,Cadeira Gamer,Móveis,1200.0,7,107,Rio de Janeiro,RJ
1041,2026-01-09 03:00:00,Headset 7.1,Acessórios,800.0,7,134,Rio de Janeiro,RJ
1042,2026-01-09 00:00:00,Teclado Mecânico,Acessórios,532.47,4,117,Rio de Janeiro,RJ
1043,2026-01-09 13:00:00,Monitor Ultrawide,Eletrônicos,2800.0,5,106,Porto Alegre,RS
1044,2026-01-09 02:00:00,Teclado Mecânico,Acessórios,520.63,1,128,Rio de Janeiro,RJ
1045,2026-01-10 00:00:00,Teclado Mecânico,Acessórios,541.19,3,114,Curitiba,PR
1046,2026-01-10 21:00:00,Cadeira Gamer,Móveis,1200.0,1,127,Salvador,BA
1047,2026-01-10 12:00:00,Cadeira Gamer,Móveis,1200.0,5,132,Curitiba,PR
1048,2026-01-10 19:00:00,Mouse Vertical,Acessórios,238.23,5,105,Rio de Janeiro,RJ
1049,2026-01-10 16:00:00,Teclado Mecânico,Acessórios,497.55,4,135,Porto Alegre,RS
1050,2026-01-11 12:00:00,Placa de Vídeo,Hardware,4500.0,3,109,Fortaleza,CE
1051,2026-01-11 04:00:00,Teclado Mecânico,Acessórios,510.17,1,130,Salvador,BA
1052,2026-01-11 23:00:00,Laptop Gamer,Eletrônicos,7500.0,1,134,Fortaleza,CE
1053,2026-01-11 10:00:00,Cadeira Gamer,Móveis,1200.0,7,120,São Paulo,SP
1054,2026-01-11 02:00:00,Placa de Vídeo,Hardware,4500.0,1,103,Belo Horizonte,MG
1055,2026-01-12 12:00:00,Placa de Vídeo,Hardware,4500.0,4,117,São Paulo,SP
1056,2026-01-12 02:00:00,SSD 1TB,Hardware,600.0,7,119,Porto Alegre,RS
1057,2026-01-12 08:00:00,Laptop Gamer,Eletrônicos,7500.0,3,137,Rio de Janeiro,RJ
1058,2026-01-12 17:00:00,Teclado Mecânico,Acessórios,537.38,4,113,Curitiba,PR
1059,2026-01-12 06:00:00,Headset 7.1,Acessórios,800.0,3,145,Fortaleza,CE
1060,2026-01-13 17:00:00,Laptop Gamer,Eletrônicos,7500.0,2,134,Porto Alegre,RS
1061,2026-01-13 04:00:00,Monitor Ultrawide,Eletrônicos,2800.0,3,128,Curitiba,PR
1062,2026-01-13 11:00:00,Monitor Ultrawide,Eletrônicos,2800.0,2,102,Porto Alegre,RS
1063,2026-01-13 01:00:00,Teclado Mecânico,Acessórios,518.27,5,137,Curitiba,PR
1064,2026-01-13 04:00:00,Cadeira Gamer,Móveis,1200.0,6,148,Rio de Janeiro,RJ
1065,2026-01-14 16:00:00,Monitor Ultrawide,Eletrônicos,2800.0,4,129,Curitiba,PR
1066,2026-01-14 12:00:00,Teclado Mecânico,Acessórios,500.74,6,123,Rio de Janeiro,RJ
1067,2026-01-14 14:00:00,Monitor Ultrawide,Eletrônicos,2800.0,7,137,Curitiba,PR
1068,2026-01-14 06:00:00,Cadeira Gamer,Móveis,1200.0,7,105,Porto Alegre,RS
1069,2026-01-14 18:00:00,Laptop Gamer,Eletrônicos,7500.0,2,128,Salvador,BA
1070,2026-01-15 23:00:00,SSD 1TB,Hardware,600.0,3,130,Curitiba,PR
1071,2026-01-15 19:00:00,Laptop Gamer,Eletrônicos,7500.0,5,139,São Paulo,SP
1072,2026-01-15 08:00:00,Mouse Vertical,Acessórios,229.38,2,145,Salvador,BA
1073,2026-01-15 17:00:00,Laptop Gamer,Eletrônicos,7500.0,3,116,Salvador,BA
1074,2026-01-15 21:00:00,Placa de Vídeo,Hardware,4500.0,1,120,Belo Horizonte,MG
1075,2026-01-16 23:00:00,Monitor Ultrawide,Eletrônicos,2800.0,4,101,São Paulo,SP
1076,2026-01-16 10:00:00,Cadeira Gamer,Móveis,1200.0,1,119,Curitiba,PR
1077,2026-01-16 21:00:00,Cadeira Gamer,Móveis,1200.0,5,132,São Paulo,SP
1078,2026-01-16 15:00:00,Cadeira Gamer,Móveis,1200.0,4,121,Belo Horizonte,MG
1079,2026-01-16 16:00:00,SSD 1TB,Hardware,600.0,3,130,Rio de Janeiro,RJ
1080,2026-01-17 09:00:00,Laptop Gamer,Eletrônicos,7500.0,1,126,Belo Horizonte,MG
1081,2026-01-17 10:00:00,Laptop Gamer,Eletrônicos,7500.0,6,123,Curitiba,PR
1082,2026-01-17 11:00:00,Mouse Vertical,Acessórios,249.76,6,111,São Paulo,SP
1083,2026-01-17 14:00:00,Headset 7.1,Acessórios,800.0,4,107,Rio de Janeiro,RJ
1084,2026-01-17 22:00:00,Headset 7.1,Acessórios,800.0,3,142,Fortaleza,CE
1085,2026-01-18 23:00:00,Cadeira Gamer,Móveis,1200.0,7,149,Fortaleza,CE
1086,2026-01-18 08:00:00,SSD 1TB,Hardware,600.0,6,131,Salvador,BA
1087,2026-01-18 17:00:00,Mouse Vertical,Acessórios,226.85,4,137,Fortaleza,CE
1088,2026-01-18 10:00:00,Monitor Ultrawide,Eletrônicos,2800.0,4,143,São Paulo,SP
1089,2026-01-18 17:00:00,SSD 1TB,Hardware,600.0,7,148,Salvador,BA
1090,2026-01-19 07:00:00,Cadeira Gamer,Móveis,1200.0,6,129,Porto Alegre,RS
1091,2026-01-19 08:00:00,Laptop Gamer,Eletrônicos,7500.0,7,133,Rio de Janeiro,RJ
1092,2026-01-19 20:00:00,SSD 1TB,Hardware,600.0,7,114,Rio de Janeiro,RJ
1093,2026-01-19 02:00:00,SSD 1TB,Hardware,600.0,6,121,Porto Alegre,RS
1094,2026-01-19 03:00:00,Monitor Ultrawide,Eletrônicos,2800.0,1,148,Curitiba,PR
1095,2026-01-20 21:00:00,Mouse Vertical,Acessórios,236.41,1,106,Belo Horizonte,MG
1096,2026-01-20 11:00:00,Headset 7.1,Acessórios,800.0,5,147,São Paulo,SP
1097,2026-01-20 07:00:00,Headset 7.1,Acessórios,800.0,7,136,Curitiba,PR
1098,2026-01-20 23:00:00,Monitor Ultrawide,Eletrônicos,2800.0,4,106,Curitiba,PR
1099,2026-01-20 04:00:00,Mouse Vertical,Acessórios,233.77,2,115,Curitiba,PR
1100,2026-01-21 06:00:00,Laptop Gamer,Eletrônicos,7500.0,4,101,São Paulo,SP
1101,2026-01-21 23:00:00,Laptop Gamer,Eletrônicos,7500.0,5,103,Salvador,BA
1102,2026-01-21 11:00:00,SSD 1TB,Hardware,600.0,4,127,Rio de Janeiro,RJ
1103,2026-01-21 03:00:00,Teclado Mecânico,Acessórios,500.74,4,116,Salvador,BA
1104,2026-01-21 07:00:00,Cadeira Gamer,Móveis,1200.0,6,118,Curitiba,PR
1105,2026-01-22 16:00:00,Teclado Mecânico,Acessórios,513.52,3,116,Salvador,BA
1106,2026-01-22 03:00:00,Monitor Ultrawide,Eletrônicos,2800.0,7,145,Fortaleza,CE
1107,2026-01-22 22:00:00,Placa de Vídeo,Hardware,4500.0,7,104,Fortaleza,CE
1108,2026-01-22 18:00:00,Laptop Gamer,Eletrônicos,7500.0,5,142,Belo Horizonte,MG
1109,2026-01-22 00:00:00,Cadeira Gamer,Móveis,1200.0,6,107,São Paulo,SP
1110,2026-01-23 20:00:00,Placa de Vídeo,Hardware,4500.0,2,103,São Paulo,SP
1111,2026-01-23 00:00:00,Mouse Vertical,Acessórios,229.09,6,136,Salvador,BA
1112,2026-01-23 00:00:00,Teclado Mecânico,Acessórios,497.41,7,109,Curitiba,PR
1113,2026-01-23 13:00:00,Placa de Vídeo,Hardware,4500.0,1,115,Porto Alegre,RS
1114,2026-01-23 17:00:00,Teclado Mecânico,Acessórios,529.14,1,139,São Paulo,SP
1115,2026-01-24 16:00:00,Placa de Vídeo,Hardware,4500.0,2,113,Curitiba,PR
1116,2026-01-24 14:00:00,Headset 7.1,Acessórios,800.0,3,132,São Paulo,SP
1117,2026-01-24 13:00:00,Headset 7.1,Acessórios,800.0,1,108,Rio de Janeiro,RJ
1118,2026-01-24 17:00:00,Headset 7.1,Acessórios,800.0,5,139,Fortaleza,CE
1119,2026-01-24 04:00:00,Monitor Ultrawide,Eletrônicos,2800.0,1,136,São Paulo,SP
1120,2026-01-25 06:00:00,SSD 1TB,Hardware,600.0,3,132,Porto Alegre,RS
1121,2026-01-25 09:00:00,SSD 1TB,Hardware,600.0,3,130,Rio de Janeiro,RJ
1122,2026-01-25 10:00:00,SSD 1TB,Hardware,600.0,5,116,Porto Alegre,RS
1123,2026-01-25 15:00:00,Mouse Vertical,Acessórios,245.43,2,107,Porto Alegre,RS
1124,2026-01-25 07:00:00,Monitor Ultrawide,Eletrônicos,2800.0,6,103,Salvador,BA
1125,2026-01-26 09:00:00,Mouse Vertical,Acessórios,232.54,6,123,Fortaleza,CE
1126,2026-01-26 12:00:00,Laptop Gamer,Eletrônicos,7500.0,6,111,Curitiba,PR
1127,2026-01-26 03:00:00,Placa de Vídeo,Hardware,4500.0,6,128,Fortaleza,CE
1128,2026-01-26 06:00:00,Teclado Mecânico,Acessórios,521.07,1,134,Belo Horizonte,MG
1129,2026-01-26 17:00:00,Monitor Ultrawide,Eletrônicos,2800.0,6,129,Salvador,BA
1130,2026-01-27 12:00:00,Laptop Gamer,Eletrônicos,7500.0,4,110,Rio de Janeiro,RJ
1131,2026-01-27 06:00:00,Laptop Gamer,Eletrônicos,7500.0,6,106,Belo Horizonte,MG
1132,2026-01-27 01:00:00,Monitor Ultrawide,Eletrônicos,2800.0,3,134,Curitiba,PR
1133,2026-01-27 21:00:00,Teclado Mecânico,Acessórios,540.81,1,129,Belo Horizonte,MG
1134,2026-01-27 04:00:00,SSD 1TB,Hardware,600.0,3,112,Salvador,BA
1135,2026-01-28 08:00:00,Laptop Gamer,Eletrônicos,7500.0,1,122,Curitiba,PR
1136,2026-01-28 14:00:00,Mouse Vertical,Acessórios,226.01,7,114,São Paulo,SP
1137,2026-01-28 17:00:00,Monitor Ultrawide,Eletrônicos,2800.0,5,129,Curitiba,PR
1138,2026-01-28 10:00:00,Monitor Ultrawide,Eletrônicos,2800.0,1,147,Curitiba,PR
1139,2026-01-28 21:00:00,Cadeira Gamer,Móveis,1200.0,5,110,Porto Alegre,RS
1140,2026-01-29 00:00:00,Laptop Gamer,Eletrônicos,7500.0,5,138,Porto Alegre,RS
1141,2026-01-29 04:00:00,Monitor Ultrawide,Eletrônicos,2800.0,1,103,Fortaleza,CE
1142,2026-01-29 14:00:00,SSD 1TB,Hardware,600.0,6,133,Fortaleza,CE
1143,2026-01-29 00:00:00,Cadeira Gamer,Móveis,1200.0,7,126,Rio de Janeiro,RJ
1144,2026-01-29 09:00:00,Placa de Vídeo,Hardware,4500.0,6,141,Porto Alegre,RS
1145,2026-01-30 17:00:00,SSD 1TB,Hardware,600.0,5,145,Porto Alegre,RS
1146,2026-01-30 21:00:00,SSD 1TB,Hardware,600.0,4,139,São Paulo,SP
1147,2026-01-30 00:00:00,SSD 1TB,Hardware,600.0,5,126,Porto Alegre,RS
1148,2026-01-30 09:00:00,Mouse Vertical,Acessórios,241.29,2,108,Salvador,BA
1149,2026-01-30 08:00:00,Headset 7.1,Acessórios,800.0,6,149,Fortaleza,CE
1150,2026-01-31 07:00:00,Cadeira Gamer,Móveis,1200.0,1,122,Porto Alegre,RS
1151,2026-01-31 01:00:00,Monitor Ultrawide,Eletrônicos,2800.0,5,132,Curitiba,PR
1152,2026-01-31 22:00:00,Placa de Vídeo,Hardware,4500.0,3,103,Porto Alegre,RS
1153,2026-01-31 14:00:00,Placa de Vídeo,Hardware,4500.0,6,122,Rio de Janeiro,RJ
1154,2026-01-31 20:00:00,Monitor Ultrawide,Eletrônicos,2800.0,6,125,Salvador,BA
1155,2026-02-01 16:00:00,Placa de Vídeo,Hardware,4500.0,6,145,Curitiba,PR
1156,2026-02-01 20:00:00,Laptop Gamer,Eletrônicos,7500.0,3,144,Porto Alegre,RS
1157,2026-02-01 06:00:00,Monitor Ultrawide,Eletrônicos,2800.0,6,114,Fortaleza,CE
1158,2026-02-01 09:00:00,Teclado Mecânico,Acessórios,543.85,1,104,Belo Horizonte,MG
1159,2026-02-01 02:00:00,Teclado Mecânico,Acessórios,516.46,2,103,Salvador,BA
1160,2026-02-02 18:00:00,Placa de Vídeo,Hardware,4500.0,1,149,São Paulo,SP
1161,2026-02-02 16:00:00,Teclado Mecânico,Acessórios,524.61,1,106,Rio de Janeiro,RJ
1162,2026-02-02 15:00:00,Laptop Gamer,Eletrônicos,7500.0,2,135,Fortaleza,CE
1163,2026-02-02 02:00:00,Headset 7.1,Acessórios,800.0,2,135,São Paulo,SP
1164,2026-02-02 06:00:00,Teclado Mecânico,Acessórios,525.6,1,117,Curitiba,PR
1165,2026-02-03 21:00:00,Headset 7.1,Acessórios,800.0,4,114,Rio de Janeiro,RJ
1166,2026-02-03 15:00:00,Teclado Mecânico,Acessórios,511.87,7,147,Salvador,BA
1167,2026-02-03 00:00:00,Placa de Vídeo,Hardware,4500.0,7,110,Belo Horizonte,MG
1168,2026-02-03 18:00:00,Monitor Ultrawide,Eletrônicos,2800.0,1,147,Belo Horizonte,MG
1169,2026-02-03 23:00:00,SSD 1TB,Hardware,600.0,1,144,Porto Alegre,RS
1170,2026-02-04 00:00:00,Laptop Gamer,Eletrônicos,7500.0,3,108,Curitiba,PR
1171,2026-02-04 16:00:00,SSD 1TB,Hardware,600.0,4,148,Curitiba,PR
1172,2026-02-04 21:00:00,Placa de Vídeo,Hardware,4500.0,5,108,Porto Alegre,RS
1173,2026-02-04 04:00:00,Teclado Mecânico,Acessórios,521.36,2,140,Belo Horizonte,MG
1174,2026-02-04 04:00:00,SSD 1TB,Hardware,600.0,7,113,Fortaleza,CE
1175,2026-02-05 21:00:00,Headset 7.1,Acessórios,800.0,6,136,Curitiba,PR
1176,2026-02-05 10:00:00,Teclado Mecânico,Acessórios,504.61,3,123,Curitiba,PR
1177,2026-02-05 11:00:00,Headset 7.1,Acessórios,800.0,4,132,Porto Alegre,RS
1178,2026-02-05 15:00:00,Mouse Vertical,Acessórios,238.91,7,109,Belo Horizonte,MG
1179,2026-02-05 23:00:00,Headset 7.1,Acessórios,800.0,6,147,Porto Alegre,RS
1180,2026-02-06 12:00:00,Monitor Ultrawide,Eletrônicos,2800.0,4,119,Salvador,BA
1181,2026-02-06 01:00:00,Laptop Gamer,Eletrônicos,7500.0,6,143,São Paulo,SP
1182,2026-02-06 16:00:00,Cadeira Gamer,Móveis,1200.0,4,141,Belo Horizonte,MG
1183,2026-02-06 02:00:00,Cadeira Gamer,Móveis,1200.0,5,128,Fortaleza,CE
1184,2026-02-06 08:00:00,Monitor Ultrawide,Eletrônicos,2800.0,5,112,Rio de Janeiro,RJ
1185,2026-02-07 13:00:00,SSD 1TB,Hardware,600.0,5,143,Rio de Janeiro,RJ
1186,2026-02-07 07:00:00,Teclado Mecânico,Acessórios,498.39,5,121,Fortaleza,CE
1187,2026-02-07 17:00:00,Placa de Vídeo,Hardware,4500.0,1,141,Porto Alegre,RS
1188,2026-02-07 19:00:00,Placa de Vídeo,Hardware,4500.0,4,110,Porto Alegre,RS
1189,2026-02-07 22:00:00,Laptop Gamer,Eletrônicos,7500.0,5,133,Rio de Janeiro,RJ
1190,2026-02-08 20:00:00,Mouse Vertical,Acessórios,241.38,6,122,Rio de Janeiro,RJ
1191,2026-02-08 05:00:00,Laptop Gamer,Eletrônicos,7500.0,2,118,Curitiba,PR
1192,2026-02-08 20:00:00,Laptop Gamer,Eletrônicos,7500.0,2,149,Fortaleza,CE
1193,2026-02-08 08:00:00,Mouse Vertical,Acessórios,246.46,3,144,Porto Alegre,RS
1194,2026-02-08 01:00:00,Cadeira Gamer,Móveis,1200.0,7,143,Belo Horizonte,MG
1195,2026-02-09 03:00:00,Mouse Vertical,Acessórios,234.62,6,124,Curitiba,PR
1196,2026-02-09 07:00:00,SSD 1TB,Hardware,600.0,5,133,Salvador,BA
1197,2026-02-09 03:00:00,Monitor Ultrawide,Eletrônicos,2800.0,7,130,Fortaleza,CE
1198,2026-02-09 19:00:00,Laptop Gamer,Eletrônicos,7500.0,7,116,Fortaleza,CE
1199,2026-02-09 02:00:00,Cadeira Gamer,Móveis,1200.0,6,138,Fortaleza,CE
1200,2026-02-10 06:00:00,Headset 7.1,Acessórios,800.0,2,106,Rio de Janeiro,RJ
1201,2026-02-10 04:00:00,Mouse Vertical,Acessórios,231.18,5,125,Belo Horizonte,MG
1202,2026-02-10 11:00:00,Laptop Gamer,Eletrônicos,7500.0,2,139,Porto Alegre,RS
1203,2026-02-10 23:00:00,Mouse Vertical,Acessórios,227.37,2,122,Fortaleza,CE
1204,2026-02-10 10:00:00,Laptop Gamer,Eletrônicos,7500.0,4,117,Belo Horizonte,MG
1205,2026-02-11 12:00:00,Teclado Mecânico,Acessórios,501.81,5,121,Fortaleza,CE
1206,2026-02-11 07:00:00,Laptop Gamer,Eletrônicos,7500.0,1,138,Fortaleza,CE
1207,2026-02-11 11:00:00,Mouse Vertical,Acessórios,249.72,1,128,Fortaleza,CE
1208,2026-02-11 09:00:00,SSD 1TB,Hardware,600.0,1,112,Porto Alegre,RS
1209,2026-02-11 20:00:00,Laptop Gamer,Eletrônicos,7500.0,2,133,Belo Horizonte,MG
1210,2026-02-12 16:00:00,SSD 1TB,Hardware,600.0,2,112,Salvador,BA
1211,2026-02-12 04:00:00,Headset 7.1,Acessórios,800.0,3,123,Salvador,BA
1212,2026-02-12 19:00:00,Mouse Vertical,Acessórios,229.12,3,143,São Paulo,SP
1213,2026-02-12 01:00:00,Mouse Vertical,Acessórios,226.79,3,135,Curitiba,PR
1214,2026-02-12 21:00:00,Cadeira Gamer,Móveis,1200.0,4,126,São Paulo,SP
1215,2026-02-13 06:00:00,Placa de Vídeo,Hardware,4500.0,7,149,São Paulo,SP
1216,2026-02-13 08:00:00,Teclado Mecânico,Acessórios,503.72,5,112,Curitiba,PR
1217,2026-02-13 13:00:00,Teclado Mecânico,Acessórios,527.23,3,140,Salvador,BA
1218,2026-02-13 21:00:00,Teclado Mecânico,Acessórios,510.99,4,110,Salvador,BA
1219,2026-02-13 00:00:00,SSD 1TB,Hardware,600.0,5,103,Rio de Janeiro,RJ
1220,2026-02-14 11:00:00,Teclado Mecânico,Acessórios,531.6,4,123,São Paulo,SP
1221,2026-02-14 15:00:00,Headset 7.1,Acessórios,800.0,5,102,Curitiba,PR
1222,2026-02-14 04:00:00,Placa de Vídeo,Hardware,4500.0,1,125,Salvador,BA
1223,2026-02-14 15:00:00,Teclado Mecânico,Acessórios,518.39,1,114,Curitiba,PR
1224,2026-02-14 18:00:00,Teclado Mecânico,Acessórios,497.95,3,147,Porto Alegre,RS
1225,2026-02-15 07:00:00,Teclado Mecânico,Acessórios,545.67,2,112,Salvador,BA
1226,2026-02-15 16:00:00,Monitor Ultrawide,Eletrônicos,2800.0,7,143,Rio de Janeiro,RJ
1227,2026-02-15 20:00:00,Cadeira Gamer,Móveis,1200.0,5,108,Porto Alegre,RS
1228,2026-02-15 17:00:00,Teclado Mecânico,Acessórios,496.97,7,102,Salvador,BA
1229,2026-02-15 05:00:00,SSD 1TB,Hardware,600.0,3,119,São Paulo,SP
1230,2026-02-16 21:00:00,Headset 7.1,Acessórios,800.0,1,129,Belo Horizonte,MG
1231,2026-02-16 13:00:00,Teclado Mecânico,Acessórios,498.31,3,141,Salvador,BA
1232,2026-02-16 15:00:00,SSD 1TB,Hardware,600.0,1,123,Fortaleza,CE
1233,2026-02-16 22:00:00,Mouse Vertical,Acessórios,245.11,6,101,São Paulo,SP
1234,2026-02-16 16:00:00,Cadeira Gamer,Móveis,1200.0,2,138,Belo Horizonte,MG
1235,2026-02-17 21:00:00,Placa de Vídeo,Hardware,4500.0,3,101,Belo Horizonte,MG
1236,2026-02-17 13:00:00,Laptop Gamer,Eletrônicos,7500.0,3,129,Salvador,BA
1237,2026-02-17 22:00:00,Laptop Gamer,Eletrônicos,7500.0,4,145,Rio de Janeiro,RJ
1238,2026-02-17 12:00:00,Monitor Ultrawide,Eletrônicos,2800.0,5,110,Belo Horizonte,MG
1239,2026-02-17 11:00:00,SSD 1TB,Hardware,600.0,1,121,Belo Horizonte,MG
1240,2026-02-18 20:00:00,Placa de Vídeo,Hardware,4500.0,6,112,Fortaleza,CE
1241,2026-02-18 00:00:00,Monitor Ultrawide,Eletrônicos,2800.0,7,116,Fortaleza,CE
1242,2026-02-18 04:00:00,SSD 1TB,Hardware,600.0,3,145,Salvador,BA
1243,2026-02-18 09:00:00,SSD 1TB,Hardware,600.0,1,103,Rio de Janeiro,RJ
1244,2026-02-18 01:00:00,Mouse Vertical,Acessórios,229.28,3,120,Fortaleza,CE
1245,2026-02-19 07:00:00,Cadeira Gamer,Móveis,1200.0,2,132,Porto Alegre,RS
1246,2026-02-19 20:00:00,Placa de Vídeo,Hardware,4500.0,7,110,Porto Alegre,RS
1247,2026-02-19 05:00:00,Placa de Vídeo,Hardware,4500.0,1,141,Rio de Janeiro,RJ
1248,2026-02-19 13:00:00,Placa de Vídeo,Hardware,4500.0,3,103,Belo Horizonte,MG
1249,2026-02-19 23:00:00,Cadeira Gamer,Móveis,1200.0,3,101,São Paulo,SP
1250,2026-02-20 12:00:00,Placa de Vídeo,Hardware,4500.0,6,140,São Paulo,SP
1251,2026-02-20 12:00:00,Monitor Ultrawide,Eletrônicos,2800.0,1,129,Fortaleza,CE
1252,2026-02-20 19:00:00,Mouse Vertical,Acessórios,229.91,6,112,Salvador,BA
1253,2026-02-20 02:00:00,Laptop Gamer,Eletrônicos,7500.0,3,115,Rio de Janeiro,RJ
1254,2026-02-20 20:00:00,SSD 1TB,Hardware,600.0,3,108,Curitiba,PR
1255,2026-02-21 12:00:00,SSD 1TB,Hardware,600.0,5,148,Salvador,BA
1256,2026-02-21 11:00:00,Laptop Gamer,Eletrônicos,7500.0,1,143,São Paulo,SP
1257,2026-02-21 10:00:00,Placa de Vídeo,Hardware,4500.0,5,113,Curitiba,PR
1258,2026-02-21 00:00:00,Teclado Mecânico,Acessórios,495.04,2,101,Fortaleza,CE
1259,2026-02-21 09:00:00,Teclado Mecânico,Acessórios,542.72,2,110,São Paulo,SP
1260,2026-02-22 11:00:00,Teclado Mecânico,Acessórios,536.9,7,112,Porto Alegre,RS
1261,2026-02-22 22:00:00,Teclado Mecânico,Acessórios,507.69,3,103,Salvador,BA
1262,2026-02-22 05:00:00,Mouse Vertical,Acessórios,226.74,1,123,Fortaleza,CE
1263,2026-02-22 19:00:00,Laptop Gamer,Eletrônicos,7500.0,7,116,Belo Horizonte,MG
1264,2026-02-22 15:00:00,Cadeira Gamer,Móveis,1200.0,3,148,Curitiba,PR
1265,2026-02-23 09:00:00,Cadeira Gamer,Móveis,1200.0,2,131,Curitiba,PR
1266,2026-02-23 07:00:00,Placa de Vídeo,Hardware,4500.0,6,145,Rio de Janeiro,RJ
1267,2026-02-23 00:00:00,Placa de Vídeo,Hardware,4500.0,2,105,Porto Alegre,RS
1268,2026-02-23 07:00:00,Mouse Vertical,Acessórios,233.48,4,147,Belo Horizonte,MG
1269,2026-02-23 13:00:00,Placa de Vídeo,Hardware,4500.0,4,100,Curitiba,PR
1270,2026-02-24 07:00:00,Monitor Ultrawide,Eletrônicos,2800.0,1,140,Salvador,BA
1271,2026-02-24 05:00:00,Laptop Gamer,Eletrônicos,7500.0,1,101,Rio de Janeiro,RJ
1272,2026-02-24 13:00:00,Mouse Vertical,Acessórios,248.59,7,124,Rio de Janeiro,RJ
1273,2026-02-24 18:00:00,Teclado Mecânico,Acessórios,531.36,1,145,Porto Alegre,RS
1274,2026-02-24 17:00:00,Mouse Vertical,Acessórios,233.74,4,122,Rio de Janeiro,RJ
1275,2026-02-25 13:00:00,Laptop Gamer,Eletrônicos,7500.0,4,112,Porto Alegre,RS
1276,2026-02-25 13:00:00,Teclado Mecânico,Acessórios,525.26,5,101,Rio de Janeiro,RJ
1277,2026-02-25 14:00:00,Cadeira Gamer,Móveis,1200.0,7,149,Fortaleza,CE
1278,2026-02-25 06:00:00,Teclado Mecânico,Acessórios,537.51,1,144,Curitiba,PR
1279,2026-02-25 22:00:00,Laptop Gamer,Eletrônicos,7500.0,2,112,Rio de Janeiro,RJ
1280,2026-02-26 11:00:00,Cadeira Gamer,Móveis,1200.0,1,140,São Paulo,SP
1281,2026-02-26 06:00:00,SSD 1TB,Hardware,600.0,2,139,Belo Horizonte,MG
1282,2026-02-26 07:00:00,Mouse Vertical,Acessórios,232.24,5,138,São Paulo,SP
1283,2026-02-26 02:00:00,Cadeira Gamer,Móveis,1200.0,1,134,São Paulo,SP
1284,2026-02-26 18:00:00,Teclado Mecânico,Acessórios,541.85,7,114,São Paulo,SP
1285,2026-02-27 01:00:00,SSD 1TB,Hardware,600.0,4,130,Curitiba,PR
1286,2026-02-27 09:00:00,Cadeira Gamer,Móveis,1200.0,5,118,Fortaleza,CE
1287,2026-02-27 11:00:00,SSD 1TB,Hardware,600.0,2,129,Porto Alegre,RS
1288,2026-02-27 22:00:00,Mouse Vertical,Acessórios,229.5,7,107,Belo Horizonte,MG
1289,2026-02-27 03:00:00,Teclado Mecânico,Acessórios,534.23,3,118,Rio de Janeiro,RJ
1290,2026-02-28 23:00:00,Laptop Gamer,Eletrônicos,7500.0,3,141,São Paulo,SP
1291,2026-02-28 03:00:00,Monitor Ultrawide,Eletrônicos,2800.0,6,106,Rio de Janeiro,RJ
1292,2026-02-28 02:00:00,Placa de Vídeo,Hardware,4500.0,3,119,Salvador,BA
1293,2026-02-28 14:00:00,Teclado Mecânico,Acessórios,505.38,5,105,Salvador,BA
1294,2026-02-28 15:00:00,SSD 1TB,Hardware,600.0,3,109,Fortaleza,CE
1295,2026-03-01 19:00:00,Monitor Ultrawide,Eletrônicos,2800.0,3,120,Fortaleza,CE
1296,2026-03-01 05:00:00,Monitor Ultrawide,Eletrônicos,2800.0,6,131,São Paulo,SP
1297,2026-03-01 21:00:00,Teclado Mecânico,Acessórios,529.82,7,108,Curitiba,PR
1298,2026-03-01 19:00:00,Monitor Ultrawide,Eletrônicos,2800.0,3,109,Rio de Janeiro,RJ
1299,2026-03-01 08:00:00,Headset 7.1,Acessórios,800.0,1,146,Belo Horizonte,MG
1300,2026-03-02 12:00:00,Monitor Ultrawide,Eletrônicos,2800.0,7,131,Curitiba,PR
1301,2026-03-02 13:00:00,Headset 7.1,Acessórios,800.0,5,137,Salvador,BA
1302,2026-03-02 10:00:00,Laptop Gamer,Eletrônicos,7500.0,5,119,Rio de Janeiro,RJ
1303,2026-03-02 02:00:00,Cadeira Gamer,Móveis,1200.0,2,130,Belo Horizonte,MG
1304,2026-03-02 06:00:00,Headset 7.1,Acessórios,800.0,1,122,São Paulo,SP
1305,2026-03-03 10:00:00,Headset 7.1,Acessórios,800.0,3,120,Rio de Janeiro,RJ
1306,2026-03-03 12:00:00,Placa de Vídeo,Hardware,4500.0,1,137,São Paulo,SP
1307,2026-03-03 06:00:00,SSD 1TB,Hardware,600.0,5,113,Fortaleza,CE
1308,2026-03-03 07:00:00,Placa de Vídeo,Hardware,4500.0,3,144,Curitiba,PR
1309,2026-03-03 11:00:00,SSD 1TB,Hardware,600.0,6,109,Rio de Janeiro,RJ
1310,2026-03-04 17:00:00,Laptop Gamer,Eletrônicos,7500.0,2,115,Salvador,BA
1311,2026-03-04 04:00:00,Laptop Gamer,Eletrônicos,7500.0,6,128,Porto Alegre,RS
1312,2026-03-04 11:00:00,SSD 1TB,Hardware,600.0,6,105,Salvador,BA
1313,2026-03-04 17:00:00,Headset 7.1,Acessórios,800.0,6,117,Salvador,BA
1314,2026-03-04 10:00:00,Placa de Vídeo,Hardware,4500.0,1,130,Rio de Janeiro,RJ
1315,2026-03-05 19:00:00,Placa de Vídeo,Hardware,4500.0,3,142,Rio de Janeiro,RJ
1316,2026-03-05 16:00:00,Headset 7.1,Acessórios,800.0,5,119,Fortaleza,CE
1317,2026-03-05 08:00:00,Placa de Vídeo,Hardware,4500.0,4,109,Fortaleza,CE
1318,2026-03-05 11:00:00,SSD 1TB,Hardware,600.0,6,124,Curitiba,PR
1319,2026-03-05 09:00:00,Mouse Vertical,Acessórios,237.34,7,103,Rio de Janeiro,RJ
1320,2026-03-06 19:00:00,Mouse Vertical,Acessórios,231.86,6,122,São Paulo,SP
1321,2026-03-06 17:00:00,Teclado Mecânico,Acessórios,513.12,7,112,Curitiba,PR
1322,2026-03-06 22:00:00,Teclado Mecânico,Acessórios,507.25,6,128,Salvador,BA
1323,2026-03-06 11:00:00,Monitor Ultrawide,Eletrônicos,2800.0,2,121,Fortaleza,CE
1324,2026-03-06 20:00:00,Monitor Ultrawide,Eletrônicos,2800.0,1,100,Rio de Janeiro,RJ
1325,2026-03-07 16:00:00,Teclado Mecânico,Acessórios,527.72,7,130,Salvador,BA
1326,2026-03-07 09:00:00,Placa de Vídeo,Hardware,4500.0,4,106,Fortaleza,CE
1327,2026-03-07 08:00:00,Laptop Gamer,Eletrônicos,7500.0,5,125,Belo Horizonte,MG
1328,2026-03-07 00:00:00,Headset 7.1,Acessórios,800.0,3,112,Salvador,BA
1329,2026-03-07 08:00:00,Cadeira Gamer,Móveis,1200.0,2,121,Curitiba,PR
1330,2026-03-08 15:00:00,Placa de Vídeo,Hardware,4500.0,1,115,Curitiba,PR
1331,2026-03-08 10:00:00,Mouse Vertical,Acessórios,232.46,2,102,Belo Horizonte,MG
1332,2026-03-08 23:00:00,Laptop Gamer,Eletrônicos,7500.0,7,114,Rio de Janeiro,RJ
1333,2026-03-08 03:00:00,Mouse Vertical,Acessórios,226.94,2,114,Rio de Janeiro,RJ
1334,2026-03-08 23:00:00,Laptop Gamer,Eletrônicos,7500.0,1,119,Porto Alegre,RS
1335,2026-03-09 08:00:00,Mouse Vertical,Acessórios,227.4,4,117,Belo Horizonte,MG
1336,2026-03-09 21:00:00,SSD 1TB,Hardware,600.0,5,106,Belo Horizonte,MG
1337,2026-03-09 16:00:00,Mouse Vertical,Acessórios,228.42,1,149,Belo Horizonte,MG
1338,2026-03-09 06:00:00,SSD 1TB,Hardware,600.0,2,123,Rio de Janeiro,RJ
1339,2026-03-09 12:00:00,Headset 7.1,Acessórios,800.0,6,110,Salvador,BA
1340,2026-03-10 19:00:00,SSD 1TB,Hardware,600.0,7,120,Salvador,BA
1341,2026-03-10 10:00:00,Monitor Ultrawide,Eletrônicos,2800.0,5,103,Curitiba,PR
1342,2026-03-10 14:00:00,Cadeira Gamer,Móveis,1200.0,1,103,Fortaleza,CE
1343,2026-03-10 14:00:00,Headset 7.1,Acessórios,800.0,7,102,São Paulo,SP
1344,2026-03-10 08:00:00,Headset 7.1,Acessórios,800.0,2,138,Curitiba,PR
1345,2026-03-11 01:00:00,Laptop Gamer,Eletrônicos,7500.0,1,130,Fortaleza,CE
1346,2026-03-11 18:00:00,Headset 7.1,Acessórios,800.0,3,135,Rio de Janeiro,RJ
1347,2026-03-11 09:00:00,Mouse Vertical,Acessórios,226.42,6,131,Fortaleza,CE
1348,2026-03-11 23:00:00,Laptop Gamer,Eletrônicos,7500.0,1,136,Porto Alegre,RS
1349,2026-03-11 20:00:00,Teclado Mecânico,Acessórios,546.86,1,100,Fortaleza,CE
1350,2026-03-12 21:00:00,Laptop Gamer,Eletrônicos,7500.0,7,122,Rio de Janeiro,RJ
1351,2026-03-12 00:00:00,Laptop Gamer,Eletrônicos,7500.0,2,135,Fortaleza,CE
1352,2026-03-12 11:00:00,Placa de Vídeo,Hardware,4500.0,4,120,Rio de Janeiro,RJ
1353,2026-03-12 02:00:00,Placa de Vídeo,Hardware,4500.0,6,122,Fortaleza,CE
1354,2026-03-12 23:00:00,Teclado Mecânico,Acessórios,520.07,7,131,Belo Horizonte,MG
1355,2026-03-13 11:00:00,Mouse Vertical,Acessórios,225.61,2,131,Porto Alegre,RS
1356,2026-03-13 10:00:00,Headset 7.1,Acessórios,800.0,3,111,Curitiba,PR
1357,2026-03-13 00:00:00,Laptop Gamer,Eletrônicos,7500.0,1,104,Salvador,BA
1358,2026-03-13 11:00:00,Teclado Mecânico,Acessórios,497.16,6,108,Porto Alegre,RS
1359,2026-03-13 08:00:00,Placa de Vídeo,Hardware,4500.0,4,124,Salvador,BA
1360,2026-03-14 03:00:00,Cadeira Gamer,Móveis,1200.0,4,114,Curitiba,PR
1361,2026-03-14 23:00:00,Cadeira Gamer,Móveis,1200.0,5,102,Porto Alegre,RS
1362,2026-03-14 09:00:00,Teclado Mecânico,Acessórios,548.47,4,129,Porto Alegre,RS
1363,2026-03-14 14:00:00,Mouse Vertical,Acessórios,235.04,3,114,Porto Alegre,RS
1364,2026-03-14 13:00:00,SSD 1TB,Hardware,600.0,6,115,Rio de Janeiro,RJ
1365,2026-03-15 17:00:00,Headset 7.1,Acessórios,800.0,6,146,São Paulo,SP
1366,2026-03-15 22:00:00,SSD 1TB,Hardware,600.0,3,121,Porto Alegre,RS
1367,2026-03-15 07:00:00,Teclado Mecânico,Acessórios,496.91,7,112,Fortaleza,CE
1368,2026-03-15 21:00:00,Mouse Vertical,Acessórios,243.03,1,111,Rio de Janeiro,RJ
1369,2026-03-15 07:00:00,Teclado Mecânico,Acessórios,503.54,5,142,Curitiba,PR
1370,2026-03-16 07:00:00,Laptop Gamer,Eletrônicos,7500.0,6,107,Porto Alegre,RS
1371,2026-03-16 01:00:00,Laptop Gamer,Eletrônicos,7500.0,3,148,Salvador,BA
1372,2026-03-16 17:00:00,Placa de Vídeo,Hardware,4500.0,1,139,Belo Horizonte,MG
1373,2026-03-16 19:00:00,Monitor Ultrawide,Eletrônicos,2800.0,4,100,Belo Horizonte,MG
1374,2026-03-16 22:00:00,Headset 7.1,Acessórios,800.0,7,141,Rio de Janeiro,RJ
1375,2026-03-17 23:00:00,Laptop Gamer,Eletrônicos,7500.0,2,104,Rio de Janeiro,RJ
1376,2026-03-17 09:00:00,Laptop Gamer,Eletrônicos,7500.0,7,129,Fortaleza,CE
1377,2026-03-17 19:00:00,Headset 7.1,Acessórios,800.0,3,140,Fortaleza,CE
1378,2026-03-17 12:00:00,Monitor Ultrawide,Eletrônicos,2800.0,5,107,Rio de Janeiro,RJ
1379,2026-03-17 13:00:00,Cadeira Gamer,Móveis,1200.0,2,149,Salvador,BA
1380,2026-03-18 17:00:00,Monitor Ultrawide,Eletrônicos,2800.0,3,118,Fortaleza,CE
1381,2026-03-18 02:00:00,Laptop Gamer,Eletrônicos,7500.0,4,107,Belo Horizonte,MG
1382,2026-03-18 12:00:00,Headset 7.1,Acessórios,800.0,3,135,Rio de Janeiro,RJ
1383,2026-03-18 04:00:00,Laptop Gamer,Eletrônicos,7500.0,6,147,Curitiba,PR
1384,2026-03-18 16:00:00,Placa de Vídeo,Hardware,4500.0,6,103,Curitiba,PR
1385,2026-03-19 21:00:00,Cadeira Gamer,Móveis,1200.0,5,101,Rio de Janeiro,RJ
1386,2026-03-19 06:00:00,Cadeira Gamer,Móveis,1200.0,3,126,Curitiba,PR
1387,2026-03-19 20:00:00,Placa de Vídeo,Hardware,4500.0,3,133,Belo Horizonte,MG
1388,2026-03-19 20:00:00,Cadeira Gamer,Móveis,1200.0,4,111,Fortaleza,CE
1389,2026-03-19 14:00:00,SSD 1TB,Hardware,600.0,2,116,Fortaleza,CE
1390,2026-03-20 16:00:00,SSD 1TB,Hardware,600.0,7,101,Rio de Janeiro,RJ
1391,2026-03-20 07:00:00,Headset 7.1,Acessórios,800.0,4,145,São Paulo,SP
1392,2026-03-20 12:00:00,Headset 7.1,Acessórios,800.0,1,103,Porto Alegre,RS
1393,2026-03-20 17:00:00,SSD 1TB,Hardware,600.0,1,100,Salvador,BA
1394,2026-03-20 13:00:00,SSD 1TB,Hardware,600.0,5,141,Salvador,BA
1395,2026-03-21 08:00:00,Mouse Vertical,Acessórios,229.85,1,128,Curitiba,PR
1396,2026-03-21 04:00:00,Teclado Mecânico,Acessórios,508.71,1,142,Fortaleza,CE
1397,2026-03-21 18:00:00,Cadeira Gamer,Móveis,1200.0,2,137,Porto Alegre,RS
1398,2026-03-21 23:00:00,Headset 7.1,Acessórios,800.0,5,141,Fortaleza,CE
1399,2026-03-21 02:00:00,Monitor Ultrawide,Eletrônicos,2800.0,3,131,Fortaleza,CE
1400,2026-03-22 02:00:00,Laptop Gamer,Eletrônicos,7500.0,3,104,Fortaleza,CE
1401,2026-03-22 14:00:00,SSD 1TB,Hardware,600.0,7,130,Porto Alegre,RS
1402,2026-03-22 00:00:00,SSD 1TB,Hardware,600.0,2,142,Porto Alegre,RS
1403,2026-03-22 00:00:00,SSD 1TB,Hardware,600.0,4,126,Salvador,BA
1404,2026-03-22 18:00:00,Placa de Vídeo,Hardware,4500.0,4,144,Fortaleza,CE
1405,2026-03-23 08:00:00,Headset 7.1,Acessórios,800.0,1,144,Belo Horizonte,MG
1406,2026-03-23 05:00:00,Cadeira Gamer,Móveis,1200.0,3,123,Fortaleza,CE
1407,2026-03-23 12:00:00,Monitor Ultrawide,Eletrônicos,2800.0,7,123,Porto Alegre,RS
1408,2026-03-23 08:00:00,Teclado Mecânico,Acessórios,504.0,1,129,Fortaleza,CE
1409,2026-03-23 17:00:00,Placa de Vídeo,Hardware,4500.0,1,116,São Paulo,SP
1410,2026-03-24 09:00:00,Monitor Ultrawide,Eletrônicos,2800.0,1,147,Rio de Janeiro,RJ
1411,2026-03-24 21:00:00,SSD 1TB,Hardware,600.0,3,143,São Paulo,SP
1412,2026-03-24 02:00:00,Laptop Gamer,Eletrônicos,7500.0,3,138,Belo Horizonte,MG
1413,2026-03-24 01:00:00,Monitor Ultrawide,Eletrônicos,2800.0,4,109,Porto Alegre,RS
1414,2026-03-24 14:00:00,Monitor Ultrawide,Eletrônicos,2800.0,3,137,Curitiba,PR
1415,2026-03-25 10:00:00,Mouse Vertical,Acessórios,237.68,3,136,Rio de Janeiro,RJ
1416,2026-03-25 15:00:00,Monitor Ultrawide,Eletrônicos,2800.0,5,105,Rio de Janeiro,RJ
1417,2026-03-25 19:00:00,Teclado Mecânico,Acessórios,549.84,1,107,Fortaleza,CE
1418,2026-03-25 10:00:00,Monitor Ultrawide,Eletrônicos,2800.0,3,131,Salvador,BA
1419,2026-03-25 10:00:00,Laptop Gamer,Eletrônicos,7500.0,6,102,Porto Alegre,RS
1420,2026-03-26 15:00:00,Teclado Mecânico,Acessórios,502.62,3,108,Fortaleza,CE
1421,2026-03-26 12:00:00,SSD 1TB,Hardware,600.0,6,138,São Paulo,SP
1422,2026-03-26 23:00:00,Placa de Vídeo,Hardware,4500.0,2,124,Salvador,BA
1423,2026-03-26 23:00:00,SSD 1TB,Hardware,600.0,5,138,Rio de Janeiro,RJ
1424,2026-03-26 02:00:00,Placa de Vídeo,Hardware,4500.0,7,122,São Paulo,SP
1425,2026-03-27 07:00:00,Teclado Mecânico,Acessórios,532.49,6,137,Rio de Janeiro,RJ
1426,2026-03-27 18:00:00,Monitor Ultrawide,Eletrônicos,2800.0,2,107,Curitiba,PR
1427,2026-03-27 13:00:00,Teclado Mecânico,Acessórios,495.4,6,134,Salvador,BA
1428,2026-03-27 07:00:00,Placa de Vídeo,Hardware,4500.0,4,103,Salvador,BA
1429,2026-03-27 20:00:00,SSD 1TB,Hardware,600.0,1,100,Fortaleza,CE
1430,2026-03-28 07:00:00,Mouse Vertical,Acessórios,244.01,1,115,Porto Alegre,RS
1431,2026-03-28 10:00:00,Cadeira Gamer,Móveis,1200.0,6,139,Rio de Janeiro,RJ
1432,2026-03-28 22:00:00,Cadeira Gamer,Móveis,1200.0,4,110,Curitiba,PR
1433,2026-03-28 19:00:00,Placa de Vídeo,Hardware,4500.0,2,120,Salvador,BA
1434,2026-03-28 05:00:00,Headset 7.1,Acessórios,800.0,5,129,Salvador,BA
1435,2026-03-29 15:00:00,Headset 7.1,Acessórios,800.0,5,119,Fortaleza,CE
1436,2026-03-29 22:00:00,SSD 1TB,Hardware,600.0,7,117,Porto Alegre,RS
1437,2026-03-29 19:00:00,Teclado Mecânico,Acessórios,504.61,3,131,Rio de Janeiro,RJ
1438,2026-03-29 08:00:00,Placa de Vídeo,Hardware,4500.0,5,124,São Paulo,SP
1439,2026-03-29 16:00:00,SSD 1TB,Hardware,600.0,3,105,Fortaleza,CE
1440,2026-03-30 10:00:00,Laptop Gamer,Eletrônicos,7500.0,7,117,São Paulo,SP
1441,2026-03-30 21:00:00,Teclado Mecânico,Acessórios,548.93,7,125,Fortaleza,CE
1442,2026-03-30 19:00:00,Headset 7.1,Acessórios,800.0,5,138,São Paulo,SP
1443,2026-03-30 16:00:00,Cadeira Gamer,Móveis,1200.0,1,112,Belo Horizonte,MG
1444,2026-03-30 18:00:00,Cadeira Gamer,Móveis,1200.0,2,139,São Paulo,SP
1445,2026-03-31 12:00:00,Teclado Mecânico,Acessórios,534.27,1,141,Porto Alegre,RS
1446,2026-03-31 22:00:00,Placa de Vídeo,Hardware,4500.0,1,106,Porto Alegre,RS
1447,2026-03-31 08:00:00,Placa de Vídeo,Hardware,4500.0,3,144,Porto Alegre,RS
1448,2026-03-31 21:00:00,Placa de Vídeo,Hardware,4500.0,6,116,Fortaleza,CE
1449,2026-03-31 13:00:00,Headset 7.1,Acessórios,800.0,2,148,Rio de Janeiro,RJ
1450,2026-04-01 12:00:00,Laptop Gamer,Eletrônicos,7500.0,3,138,Belo Horizonte,MG
1451,2026-04-01 13:00:00,Mouse Vertical,Acessórios,227.03,1,123,Salvador,BA
1452,2026-04-01 15:00:00,Teclado Mecânico,Acessórios,535.87,7,128,Salvador,BA
1453,2026-04-01 23:00:00,Monitor Ultrawide,Eletrônicos,2800.0,6,129,São Paulo,SP
1454,2026-04-01 06:00:00,SSD 1TB,Hardware,600.0,2,116,Rio de Janeiro,RJ
1455,2026-04-02 17:00:00,Monitor Ultrawide,Eletrônicos,2800.0,5,133,Rio de Janeiro,RJ
1456,2026-04-02 01:00:00,Laptop Gamer,Eletrônicos,7500.0,4,143,Rio de Janeiro,RJ
1457,2026-04-02 22:00:00,Placa de Vídeo,Hardware,4500.0,7,117,Belo Horizonte,MG
1458,2026-04-02 20:00:00,Mouse Vertical,Acessórios,246.84,5,125,Belo Horizonte,MG
1459,2026-04-02 07:00:00,Laptop Gamer,Eletrônicos,7500.0,6,108,Porto Alegre,RS
1460,2026-04-03 14:00:00,Teclado Mecânico,Acessórios,507.59,7,124,São Paulo,SP
1461,2026-04-03 16:00:00,Laptop Gamer,Eletrônicos,7500.0,5,141,Salvador,BA
1462,2026-04-03 07:00:00,Monitor Ultrawide,Eletrônicos,2800.0,4,138,Curitiba,PR
1463,2026-04-03 04:00:00,Placa de Vídeo,Hardware,4500.0,5,133,Fortaleza,CE
1464,2026-04-03 16:00:00,Teclado Mecânico,Acessórios,541.9,1,137,Porto Alegre,RS
1465,2026-04-04 21:00:00,Headset 7.1,Acessórios,800.0,3,112,Curitiba,PR
1466,2026-04-04 14:00:00,Cadeira Gamer,Móveis,1200.0,4,118,Belo Horizonte,MG
1467,2026-04-04 13:00:00,Headset 7.1,Acessórios,800.0,6,123,São Paulo,SP
1468,2026-04-04 06:00:00,SSD 1TB,Hardware,600.0,1,147,Porto Alegre,RS
1469,2026-04-04 04:00:00,Mouse Vertical,Acessórios,246.24,1,108,Fortaleza,CE
1470,2026-04-05 22:00:00,Monitor Ultrawide,Eletrônicos,2800.0,6,134,Belo Horizonte,MG
1471,2026-04-05 10:00:00,SSD 1TB,Hardware,600.0,5,126,Rio de Janeiro,RJ
1472,2026-04-05 12:00:00,SSD 1TB,Hardware,600.0,5,102,Belo Horizonte,MG
1473,2026-04-05 23:00:00,Teclado Mecânico,Acessórios,517.13,7,131,Rio de Janeiro,RJ
1474,2026-04-05 21:00:00,Monitor Ultrawide,Eletrônicos,2800.0,1,135,Rio de Janeiro,RJ
1475,2026-04-06 15:00:00,Laptop Gamer,Eletrônicos,7500.0,4,127,Rio de Janeiro,RJ
1476,2026-04-06 16:00:00,Teclado Mecânico,Acessórios,519.76,2,122,Porto Alegre,RS
1477,2026-04-06 00:00:00,Monitor Ultrawide,Eletrônicos,2800.0,6,122,Belo Horizonte,MG
1478,2026-04-06 23:00:00,Mouse Vertical,Acessórios,242.35,6,134,Salvador,BA
1479,2026-04-06 09:00:00,Monitor Ultrawide,Eletrônicos,2800.0,1,116,Curitiba,PR
1480,2026-04-07 12:00:00,Laptop Gamer,Eletrônicos,7500.0,2,102,Salvador,BA
1481,2026-04-07 02:00:00,Mouse Vertical,Acessórios,242.68,6,108,Porto Alegre,RS
1482,2026-04-07 15:00:00,Mouse Vertical,Acessórios,232.85,7,120,Rio de Janeiro,RJ
1483,2026-04-07 20:00:00,Mouse Vertical,Acessórios,226.24,7,135,São Paulo,SP
1484,2026-04-07 05:00:00,Mouse Vertical,Acessórios,234.46,7,136,Porto Alegre,RS
1485,2026-04-08 15:00:00,Cadeira Gamer,Móveis,1200.0,1,115,Fortaleza,CE
1486,2026-04-08 21:00:00,Headset 7.1,Acessórios,800.0,3,132,Curitiba,PR
1487,2026-04-08 20:00:00,Teclado Mecânico,Acessórios,520.29,4,126,Rio de Janeiro,RJ
1488,2026-04-08 05:00:00,Cadeira Gamer,Móveis,1200.0,2,100,Curitiba,PR
1489,2026-04-08 21:00:00,Teclado Mecânico,Acessórios,505.59,1,121,Belo Horizonte,MG
1490,2026-04-09 01:00:00,Monitor Ultrawide,Eletrônicos,2800.0,7,147,Salvador,BA
1491,2026-04-09 20:00:00,Monitor Ultrawide,Eletrônicos,2800.0,7,129,São Paulo,SP
1492,2026-04-09 23:00:00,Placa de Vídeo,Hardware,4500.0,1,122,Porto Alegre,RS
1493,2026-04-09 13:00:00,Laptop Gamer,Eletrônicos,7500.0,3,116,São Paulo,SP
1494,2026-04-09 15:00:00,Teclado Mecânico,Acessórios,548.38,4,115,Salvador,BA
1495,2026-04-10 21:00:00,Laptop Gamer,Eletrônicos,7500.0,2,130,Porto Alegre,RS
1496,2026-04-10 03:00:00,SSD 1TB,Hardware,600.0,7,141,Belo Horizonte,MG
1497,2026-04-10 06:00:00,Cadeira Gamer,Móveis,1200.0,4,140,Rio de Janeiro,RJ
1498,2026-04-10 09:00:00,Monitor Ultrawide,Eletrônicos,2800.0,4,116,Salvador,BA
1499,2026-04-10 15:00:00,Placa de Vídeo,Hardware,4500.0,2,114,Belo Horizonte,MG
1500,2026-04-11 00:00:00,Monitor Ultrawide,Eletrônicos,2800.0,1,112,Fortaleza,CE
1501,2026-04-11 19:00:00,Mouse Vertical,Acessórios,239.45,2,146,Belo Horizonte,MG
1502,2026-04-11 14:00:00,Placa de Vídeo,Hardware,4500.0,2,107,Curitiba,PR
1503,2026-04-11 01:00:00,Mouse Vertical,Acessórios,235.13,4,107,Salvador,BA
1504,2026-04-11 11:00:00,Headset 7.1,Acessórios,800.0,5,103,Salvador,BA
1505,2026-04-12 13:00:00,Headset 7.1,Acessórios,800.0,7,118,Salvador,BA
1506,2026-04-12 12:00:00,SSD 1TB,Hardware,600.0,3,111,Belo Horizonte,MG
1507,2026-04-12 05:00:00,Mouse Vertical,Acessórios,233.34,5,146,Curitiba,PR
1508,2026-04-12 14:00:00,Placa de Vídeo,Hardware,4500.0,7,109,Salvador,BA
1509,2026-04-12 23:00:00,Mouse Vertical,Acessórios,229.75,3,100,Salvador,BA
1510,2026-04-13 10:00:00,Teclado Mecânico,Acessórios,506.43,5,107,São Paulo,SP
1511,2026-04-13 11:00:00,Headset 7.1,Acessórios,800.0,5,114,Salvador,BA
1512,2026-04-13 15:00:00,SSD 1TB,Hardware,600.0,5,107,Salvador,BA
1513,2026-04-13 22:00:00,Headset 7.1,Acessórios,800.0,5,119,São Paulo,SP
1514,2026-04-13 22:00:00,Headset 7.1,Acessórios,800.0,2,126,Porto Alegre,RS
1515,2026-04-14 04:00:00,Laptop Gamer,Eletrônicos,7500.0,3,119,Curitiba,PR
1516,2026-04-14 16:00:00,Monitor Ultrawide,Eletrônicos,2800.0,5,135,Fortaleza,CE
1517,2026-04-14 08:00:00,Placa de Vídeo,Hardware,4500.0,4,145,Salvador,BA
1518,2026-04-14 03:00:00,Placa de Vídeo,Hardware,4500.0,6,112,Belo Horizonte,MG
1519,2026-04-14 03:00:00,Placa de Vídeo,Hardware,4500.0,4,143,Belo Horizonte,MG
1520,2026-04-15 17:00:00,Monitor Ultrawide,Eletrônicos,2800.0,4,147,Curitiba,PR
1521,2026-04-15 13:00:00,Teclado Mecânico,Acessórios,541.92,4,114,Belo Horizonte,MG
1522,2026-04-15 22:00:00,Cadeira Gamer,Móveis,1200.0,5,100,Fortaleza,CE
1523,2026-04-15 21:00:00,SSD 1TB,Hardware,600.0,5,148,Belo Horizonte,MG
1524,2026-04-15 19:00:00,Teclado Mecânico,Acessórios,525.05,2,144,Salvador,BA
1525,2026-04-16 12:00:00,Placa de Vídeo,Hardware,4500.0,3,109,Porto Alegre,RS
1526,2026-04-16 06:00:00,SSD 1TB,Hardware,600.0,2,100,Curitiba,PR
1527,2026-04-16 23:00:00,Placa de Vídeo,Hardware,4500.0,7,113,Belo Horizonte,MG
1528,2026-04-16 20:00:00,SSD 1TB,Hardware,600.0,4,113,Porto Alegre,RS
1529,2026-04-16 05:00:00,Laptop Gamer,Eletrônicos,7500.0,5,106,Belo Horizonte,MG
1530,2026-04-17 13:00:00,Mouse Vertical,Acessórios,225.99,6,109,Fortaleza,CE
1531,2026-04-17 20:00:00,Cadeira Gamer,Móveis,1200.0,1,106,Belo Horizonte,MG
1532,2026-04-17 04:00:00,Cadeira Gamer,Móveis,1200.0,6,109,Curitiba,PR
1533,2026-04-17 19:00:00,Laptop Gamer,Eletrônicos,7500.0,2,123,Fortaleza,CE
1534,2026-04-17 07:00:00,Cadeira Gamer,Móveis,1200.0,7,104,Belo Horizonte,MG
1535,2026-04-18 01:00:00,Placa de Vídeo,Hardware,4500.0,7,132,Porto Alegre,RS
1536,2026-04-18 15:00:00,Mouse Vertical,Acessórios,235.08,7,114,São Paulo,SP
1537,2026-04-18 19:00:00,Headset 7.1,Acessórios,800.0,5,144,Fortaleza,CE
1538,2026-04-18 10:00:00,Teclado Mecânico,Acessórios,495.73,5,114,Salvador,BA
1539,2026-04-18 06:00:00,Monitor Ultrawide,Eletrônicos,2800.0,2,105,Salvador,BA
1540,2026-04-19 05:00:00,Laptop Gamer,Eletrônicos,7500.0,4,145,Curitiba,PR
1541,2026-04-19 17:00:00,Laptop Gamer,Eletrônicos,7500.0,2,100,Belo Horizonte,MG
1542,2026-04-19 00:00:00,Headset 7.1,Acessórios,800.0,1,141,Porto Alegre,RS
1543,2026-04-19 16:00:00,Headset 7.1,Acessórios,800.0,7,118,São Paulo,SP
1544,2026-04-19 18:00:00,Laptop Gamer,Eletrônicos,7500.0,4,123,Salvador,BA
1545,2026-04-20 09:00:00,Teclado Mecânico,Acessórios,503.33,3,130,Fortaleza,CE
1546,2026-04-20 07:00:00,Monitor Ultrawide,Eletrônicos,2800.0,3,134,São Paulo,SP
1547,2026-04-20 08:00:00,Monitor Ultrawide,Eletrônicos,2800.0,2,125,Salvador,BA
1548,2026-04-20 16:00:00,Placa de Vídeo,Hardware,4500.0,5,101,Rio de Janeiro,RJ
1549,2026-04-20 11:00:00,Headset 7.1,Acessórios,800.0,3,112,Fortaleza,CE
1550,2026-04-21 12:00:00,Cadeira Gamer,Móveis,1200.0,5,115,Fortaleza,CE
1551,2026-04-21 14:00:00,Monitor Ultrawide,Eletrônicos,2800.0,4,127,Salvador,BA
1552,2026-04-21 06:00:00,Headset 7.1,Acessórios,800.0,4,135,Belo Horizonte,MG
1553,2026-04-21 15:00:00,Cadeira Gamer,Móveis,1200.0,3,149,Fortaleza,CE
1554,2026-04-21 07:00:00,Headset 7.1,Acessórios,800.0,3,127,Fortaleza,CE
1555,2026-04-22 13:00:00,Monitor Ultrawide,Eletrônicos,2800.0,2,115,Porto Alegre,RS
1556,2026-04-22 05:00:00,Monitor Ultrawide,Eletrônicos,2800.0,4,136,São Paulo,SP
1557,2026-04-22 02:00:00,Cadeira Gamer,Móveis,1200.0,6,129,Fortaleza,CE
1558,2026-04-22 12:00:00,SSD 1TB,Hardware,600.0,6,128,Salvador,BA
1559,2026-04-22 16:00:00,Mouse Vertical,Acessórios,243.04,3,124,Rio de Janeiro,RJ
1560,2026-04-23 17:00:00,Headset 7.1,Acessórios,800.0,3,125,Salvador,BA
1561,2026-04-23 23:00:00,Cadeira Gamer,Móveis,1200.0,1,126,São Paulo,SP
1562,2026-04-23 10:00:00,Placa de Vídeo,Hardware,4500.0,5,112,Rio de Janeiro,RJ
1563,2026-04-23 08:00:00,Headset 7.1,Acessórios,800.0,1,105,São Paulo,SP
1564,2026-04-23 08:00:00,Headset 7.1,Acessórios,800.0,7,148,São Paulo,SP
1565,2026-04-24 17:00:00,SSD 1TB,Hardware,600.0,7,133,São Paulo,SP
1566,2026-04-24 00:00:00,SSD 1TB,Hardware,600.0,7,141,Fortaleza,CE
1567,2026-04-24 11:00:00,Monitor Ultrawide,Eletrônicos,2800.0,5,117,Curitiba,PR
1568,2026-04-24 21:00:00,Laptop Gamer,Eletrônicos,7500.0,7,132,Belo Horizonte,MG
1569,2026-04-24 08:00:00,Headset 7.1,Acessórios,800.0,4,141,Belo Horizonte,MG
1570,2026-04-25 08:00:00,Mouse Vertical,Acessórios,234.11,1,120,Belo Horizonte,MG
1571,2026-04-25 05:00:00,Cadeira Gamer,Móveis,1200.0,1,115,Salvador,BA
1572,2026-04-25 01:00:00,Headset 7.1,Acessórios,800.0,5,136,Belo Horizonte,MG
1573,2026-04-25 01:00:00,Teclado Mecânico,Acessórios,547.46,1,118,Fortaleza,CE
1574,2026-04-25 00:00:00,Teclado Mecânico,Acessórios,546.48,3,128,Belo Horizonte,MG
1575,2026-04-26 04:00:00,Placa de Vídeo,Hardware,4500.0,6,121,Porto Alegre,RS
1576,2026-04-26 18:00:00,Mouse Vertical,Acessórios,229.46,3,104,Belo Horizonte,MG
1577,2026-04-26 15:00:00,Cadeira Gamer,Móveis,1200.0,4,133,Curitiba,PR
1578,2026-04-26 22:00:00,Headset 7.1,Acessórios,800.0,1,124,Fortaleza,CE
1579,2026-04-26 00:00:00,Laptop Gamer,Eletrônicos,7500.0,7,100,Fortaleza,CE
1580,2026-04-27 15:00:00,Teclado Mecânico,Acessórios,535.99,3,148,Porto Alegre,RS
1581,2026-04-27 06:00:00,Headset 7.1,Acessórios,800.0,5,141,Salvador,BA
1582,2026-04-27 00:00:00,Laptop Gamer,Eletrônicos,7500.0,6,129,São Paulo,SP
1583,2026-04-27 12:00:00,Placa de Vídeo,Hardware,4500.0,5,104,Curitiba,PR
1584,2026-04-27 18:00:00,Mouse Vertical,Acessórios,245.72,1,100,São Paulo,SP
1585,2026-04-28 01:00:00,Teclado Mecânico,Acessórios,540.49,3,107,Porto Alegre,RS
1586,2026-04-28 22:00:00,Cadeira Gamer,Móveis,1200.0,2,125,São Paulo,SP
1587,2026-04-28 19:00:00,SSD 1TB,Hardware,600.0,3,149,São Paulo,SP
1588,2026-04-28 15:00:00,Placa de Vídeo,Hardware,4500.0,5,114,Fortaleza,CE
1589,2026-04-28 14:00:00,Laptop Gamer,Eletrônicos,7500.0,6,131,Salvador,BA
1590,2026-04-29 15:00:00,Teclado Mecânico,Acessórios,508.57,1,129,Salvador,BA
1591,2026-04-29 02:00:00,Headset 7.1,Acessórios,800.0,2,124,Fortaleza,CE
1592,2026-04-29 17:00:00,Headset 7.1,Acessórios,800.0,2,142,São Paulo,SP
1593,2026-04-29 21:00:00,Laptop Gamer,Eletrônicos,7500.0,2,121,Salvador,BA
1594,2026-04-29 02:00:00,SSD 1TB,Hardware,600.0,5,125,Salvador,BA
1595,2026-04-30 05:00:00,Monitor Ultrawide,Eletrônicos,2800.0,1,120,São Paulo,SP
1596,2026-04-30 19:00:00,Placa de Vídeo,Hardware,4500.0,1,147,Fortaleza,CE
1597,2026-04-30 11:00:00,Mouse Vertical,Acessórios,239.07,7,126,Fortaleza,CE
1598,2026-04-30 22:00:00,Placa de Vídeo,Hardware,4500.0,1,128,Fortaleza,CE
1599,2026-04-30 23:00:00,Monitor Ultrawide,Eletrônicos,2800.0,2,140,Salvador,BA
